{
  "zero_agreement": 0.5245945945945946,
  "perfect_agreement": 0.46918918918918917,
  "averages": {
    "keys": 0.5481981981981981,
    "vals": 0.4744144144144144,
    "pairs": 0.4743178893178894,
    "total": 0.4708368368368368
  }
}