{
  "zero_agreement": 0.44891891891891894,
  "perfect_agreement": 0.46918918918918917,
  "averages": {
    "keys": 0.5481981981981981,
    "vals": 0.4744144144144144,
    "pairs": 0.5484221364221364,
    "total": 0.5236782496782516
  }
}