{
  "zero_agreement": 0.5245945945945946,
  "perfect_agreement": 0.46918918918918917,
  "averages": {
    "keys": 0.5481981981981981,
    "vals": 0.4744144144144144,
    "pairs": 0.5484221364221364,
    "total": 0.47143818818818817
  }
}