{
  "zero_agreement": 0.011764705882352941,
  "perfect_agreement": 0.2235294117647059,
  "averages": {
    "keys": 0.9254901960784314,
    "vals": 0.8490196078431373,
    "pairs": 0.4545180322128851,
    "total": 0.7430092787114838
  }
}