{
  "zero_agreement": 0.011764705882352941,
  "perfect_agreement": 0.7352941176470589,
  "averages": {
    "keys": 0.9254901960784314,
    "vals": 0.8490196078431373,
    "pairs": 0.8321078431372548,
    "total": 0.8688725490196079
  }
}