{
  "zero_agreement": 0.12941176470588237,
  "perfect_agreement": 0.7352941176470589,
  "averages": {
    "keys": 0.9254901960784314,
    "vals": 0.8490196078431373,
    "pairs": 0.9381372549019605,
    "total": 0.7842429193899781
  }
}